name_today;section;url
About a specific instance when a post's reach may be limited;Platform use guidelines;https://help.twitter.com/en/rules-and-policies/x-reach-limited
About a specific instance when a post's reach may be limited;Platform use guidelines;http://help.twitter.com/en/rules-and-policies/x-reach-limited
About public-interest exceptions on X;Platform use guidelines;https://help.twitter.com/en/rules-and-policies/public-interest
About X limits;Safety and cybercrime;https://help.twitter.com/en/rules-and-policies/x-limits
Abuse and harassment;Safety and cybercrime;http://help.twitter.com/en/rules-and-policies/abusive-behavior
Abuse and harassment;Safety and cybercrime;http://help.twitter.com/en/rules-and-policies/abusive-profile
Abuse and harassment;Safety and cybercrime;http://support.twitter.com/groups/33-report-a-violation/topics/122-reporting-violations/articles/15794-harassment-and-violent-threats-policy
Abuse and harassment;Safety and cybercrime;https://help.twitter.com/en/rules-and-policies/abusive-behavior
Abuse and harassment;Safety and cybercrime;https://support.twitter.com/articles/20169997
Abuse and harassment;Safety and cybercrime;http://support.twitter.com/articles/20169997
Abuse and harassment;Safety and cybercrime;http://support.twitter.com%3A80/groups/33-report-a-violation/topics/122-reporting-violations/articles/15794-harassment-and-violent-threats-policy
Abusive profile information;Safety and cybercrime;https://help.twitter.com/en/rules-and-policies/abusive-profile
Adult content;Safety and cybercrime;https://support.twitter.com/articles/20169199
Adult content;Safety and cybercrime;http://support.twitter.com/articles/20169199
Adult content;Safety and cybercrime;https://help.twitter.com/en/rules-and-policies/adult-content
Adult content;Safety and cybercrime;https://help.twitter.com/en/rules-and-policies/media-policy
Automated copyright claims for live video;Intellectul property;http://help.twitter.com/en/rules-and-policies/automated-claims-policy
Automated copyright claims for live video;Intellectul property;https://help.twitter.com/en/rules-and-policies/automated-claims-policy
Blog: Coronavirus: Staying safe and informed on Twitter;Blog;https://blog.twitter.com/en_us/topics/company/2020/covid-19
Blog: Helping the world find credible information about novel #coronavirus;Blog;https://blog.twitter.com/en_us/topics/company/2020/authoritative-information-about-novel-coronavirus
Blog: Twitter 2.0: Our continued commitment to the public conversation;Blog;https://blog.twitter.com/en_us/topics/company/2022/twitter-2-0-our-continued-commitment-to-the-public-conversation
Blog: World leaders on Twitter: principles & approach;Blog;https://blog.twitter.com/en_us/topics/company/2019/worldleaders2019
Child safety;Safety and cybercrime;http://help.twitter.com/en/rules-and-policies/sexual-exploitation-policy
Child safety;Safety and cybercrime;https://help.twitter.com/en/rules-and-policies/sexual-exploitation-policy
Child safety;Safety and cybercrime;https://support.twitter.com/articles/37370
Child safety;Safety and cybercrime;http://support.twitter.com/articles/37370
Child safety;Safety and cybercrime;http://support.twitter.com%3A80/articles/37370
Civic integrity;Authenticity;http://help.twitter.com/en/rules-and-policies/election-integrity-policy
Civic integrity;Authenticity;https://help.twitter.com/en/rules-and-policies/election-integrity-policy
Hateful conduct;Safety and cybercrime;https://help.twitter.com/en/rules-and-policies/hateful-conduct-policy
Illegal or certain regulated goods or services;Safety and cybercrime;https://help.twitter.com/en/rules-and-policies/regulated-goods-services
Medical misinformation policy;Authenticity;https://help.twitter.com/en/rules-and-policies/medical-misinformation-policy
Misleading and deceptive identities;Authenticity;http://help.twitter.com/en/rules-and-policies/twitter-impersonation-and-deceptive-identities-policy
Misleading and deceptive identities;Authenticity;https://help.twitter.com/en/rules-and-policies/twitter-impersonation-and-deceptive-identities-policy
Misleading and deceptive identities;Authenticity;https://support.twitter.com/articles/18366
Misleading and deceptive identities;Authenticity;http://support.twitter.com/articles/18366
Misleading and deceptive identities;Authenticity;http://support.twitter.com%3A80/articles/18366
Non-consensual nudity policy;Privacy;https://support.twitter.com/articles/20175395
Non-consensual nudity policy;Privacy;https://help.twitter.com/en/rules-and-policies/intimate-media
Our approach to policy development and enforcement philosophy;Platform use guidelines;http://help.twitter.com/en/rules-and-policies/enforcement-philosophy
Our approach to policy development and enforcement philosophy;Platform use guidelines;https://help.twitter.com/en/rules-and-policies/enforcement-philosophy
Our approach to policy development and enforcement philosophy;Platform use guidelines;https://help.x.com/en/rules-and-policies/enforcement-philosophy
Our approach to policy development and enforcement philosophy;Platform use guidelines;http://help.x.com/en/rules-and-policies/enforcement-philosophy
Our approach to policy development and enforcement philosophy;Platform use guidelines;https://help.twitter.com/en/rules-and-policies/enforcement-philosophy/index
Our range of enforcement options;Platform use guidelines;http://help.twitter.com/EN/RULES-AND-POLICIES/ENFORCEMENT-OPTIONS
Our range of enforcement options;Platform use guidelines;https://help.twitter.com/en/rules-and-policies/enforcement-options
Perpetrators of violent attacks;Safety and cybercrime;http://help.twitter.com/en/rules-and-policies/perpetrators-of-violent-attacks
Perpetrators of violent attacks;Safety and cybercrime;https://help.twitter.com/en/rules-and-policies/perpetrators-of-violent-attacks
Platform manipulation and spam;Authenticity;http://help.twitter.com/en/rules-and-policies/platform-manipulation
Platform manipulation and spam;Authenticity;https://help.twitter.com/en/rules-and-policies/platform-manipulation
Private content;Privacy;https://help.twitter.com/en/rules-and-policies/personal-information
Report sensitive media;Platform use guidelines;http://help.twitter.com/en/rules-and-policies/regulated-goods-services
Report sensitive media;Platform use guidelines;https://support.twitter.com/articles/20069937
Report sensitive media;Platform use guidelines;http://support.twitter.com/articles/20069937
Report sensitive media;Platform use guidelines;http://support.twitter.com%3A80/articles/20069937
Synthetic and manipulated media;Authenticity;http://help.twitter.com/en/rules-and-policies/manipulated-media
Synthetic and manipulated media;Authenticity;https://help.twitter.com/en/rules-and-policies/manipulated-media
Terms of Service;Terms of Service;http://twitter.com/tos
Terms of Service;Terms of Service;http://twitter.com/TOS
Terms of Service;Terms of Service;http://twitter.com%3A80/tos
Terms of Service;Terms of Service;http://twitter.com%3A80/tos@
Terms of Service;Terms of Service;http://www.twitter.com/tos
Terms of Service;Terms of Service;https://twitter.com/tos
Terms of Service;Terms of Service;https://twitter.com/TOS
Terms of Service;Terms of Service;https://twitter.com/tos/index
Terms of Service;Terms of Service;https://www.twitter.com/tos
Terms of Service;Terms of Service;https://www.twitter.com/tos/index
Twitter Rules;General;http://help.twitter.com/en/rules-and-policies/twitter-rules
Twitter Rules;General;http://support.twitter.com/groups/33-report-a-violation/topics/121-guidelines-best-practices/articles/18311-the-twitter-rules
Twitter Rules;General;http://support.twitter.com/groups/33-report-a-violation/topics/121-guidelines-best-practices/articles/18311-the-twitter-rules/index
Twitter Rules;General;http://support.twitter.com%3A80/groups/33-report-a-violation/topics/121-guidelines-best-practices/articles/18311-the-twitter-rules
Twitter Rules;General;https://help.twitter.com/en/rules-and-policies/twitter-rules
Twitter Rules;General;https://support.twitter.com/groups/33-report-a-violation/topics/121-guidelines-best-practices/articles/18311-the-twitter-rules
Username squatting policy;Authenticity;https://support.twitter.com/articles/18370
Username squatting policy;Authenticity;http://support.twitter.com/articles/18370
Violent and hateful entities policy;Safety and cybercrime;https://help.twitter.com/en/rules-and-policies/violent-groups
Violent content;Safety and cybercrime;http://help.twitter.com/en/rules-and-policies/glorification-of-violence
Violent content;Safety and cybercrime;https://help.twitter.com/en/rules-and-policies/glorification-of-violence
Violent content;Safety and cybercrime;https://help.twitter.com/en/rules-and-policies/violent-threats-glorification
Violent content;Safety and cybercrime;https://help.x.com/en/rules-and-policies/violent-content
Violent content;Safety and cybercrime;http://help.twitter.com/en/rules-and-policies/violent-groups
Suicide and self-harm policy;Safety and cybercrime;https://help.twitter.com/en/rules-and-policies/glorifying-self-harm
Violent and hateful entities policy;Safety and cybercrime;https://help.twitter.com/en/rules-and-policies/violent-entities
Violent and hateful entities policy;Safety and cybercrime;http://help.twitter.com/en/rules-and-policies/violent-entities
X Moments guidelines and policies;Platform use guidelines;https://help.twitter.com/en/rules-and-policies/x-moments-guidelines-and-principles