Name,URL
Abusive behavior,https://help.twitter.com/en/rules-and-policies/abusive-behavior
Abusive behavior,https://help.twitter.com/en/rules-and-policies/abusive-behavior
Authoritative information about the novel coronavirus,https://blog.twitter.com/en_us/topics/company/2020/authoritative-information-about-novel-coronavirus
Blog: COVID 19,https://blog.twitter.com/en_us/topics/company/2020/covid-19
Blog: our continued commitment to the public conversation,https://blog.twitter.com/en_us/topics/company/2022/twitter-2-0-our-continued-commitment-to-the-public-conversation
Election integrity policy,https://help.twitter.com/en/rules-and-policies/election-integrity-policy
Glorification of violence,https://help.twitter.com/en/rules-and-policies/glorification-of-violence
Glorification of violence,https://help.twitter.com/en/rules-and-policies/glorification-of-violence
Harassment and violent threats,http://support.twitter.com/groups/33-report-a-violation/topics/122-reporting-violations/articles/15794-harassment-and-violent-threats-policy
Hateful conduct,https://help.twitter.com/en/rules-and-policies/hateful-conduct-policy
Manipulated media,https://help.twitter.com/en/rules-and-policies/manipulated-media
Medical misinformation,https://help.twitter.com/en/rules-and-policies/medical-misinformation-policy
Platform manipulation,https://help.twitter.com/en/rules-and-policies/platform-manipulation
Terms of Service,https://twitter.com/tos
Old terms of Service,http://twitter.com/tos
Twitter Rules,http://support.twitter.com/groups/33-report-a-violation/topics/121-guidelines-best-practices/articles/18311-the-twitter-rules
World leader 2019,https://blog.twitter.com/en_us/topics/company/2019/worldleaders2019
Violent threats,https://help.twitter.com/en/rules-and-policies/violent-threats-glorification
Violent groups,https://help.twitter.com/en/rules-and-policies/violent-groups
Child sexual exploitation,https://help.twitter.com/en/rules-and-policies/sexual-exploitation-policy
Perpetrators of violent attacks,https://help.twitter.com/en/rules-and-policies/perpetrators-of-violent-attacks
Old sensitive media,https://support.twitter.com/articles/20069937
Old username squatting,https://support.twitter.com/articles/18370
Old abusive behavior,https://support.twitter.com/articles/20169997
Old impersonation,https://support.twitter.com/articles/18366
Old intimate media,https://support.twitter.com/articles/20175395
Old child exploitation,https://support.twitter.com/articles/37370
Old media policy,https://support.twitter.com/articles/20169199
Old username squatting,https://support.twitter.com/articles/18370
Old graphic violence and adult content,https://support.twitter.com/articles/20169199